1749903480000,ADA/USDT,short,0.6335,0.6354004999999999,0.6296989999999999
1749903480000,ETH/USDT,short,2533.32,2540.9199599999997,2518.12008
1749903540000,SOL/USDT,short,145.36,145.79608,144.48784
1749905340000,ADA/USDT,long,0.6341,0.6321977,0.6379046
1749905340000,ETH/USDT,long,2532.94,2525.34118,2548.13764
1749905400000,BTC/USDT,long,104861.4,104546.8158,105490.56839999999
1749905400000,XRP/USDT,long,2.1713,2.1647861,2.1843278
1749905460000,ADA/USDT,long,0.6346,0.6326962,0.6384076000000001
1749905460000,BTC/USDT,long,104889.9,104575.2303,105519.23939999999
1749905520000,ETH/USDT,short,2532.79,2540.3883699999997,2517.59326
1749905580000,BTC/USDT,short,104850.1,105164.6503,104220.9994
1749906720000,XRP/USDT,short,2.1678,2.1743034,2.1547932000000003
1749906960000,ADA/USDT,short,0.6359,0.6378077,0.6320846
1749907080000,SOL/USDT,short,145.6,146.03679999999997,144.72639999999998
1749907920000,SOL/USDT,short,145.43,145.86629,144.55742
1749907920000,XRP/USDT,short,2.1628,2.1692883999999997,2.1498231999999997
1749907920000,ETH/USDT,short,2534.62,2542.2238599999996,2519.41228
1749907980000,ADA/USDT,short,0.6345,0.6364034999999999,0.630693
1749908340000,XRP/USDT,long,2.1657,2.1592029000000004,2.1786942000000002
1749908460000,ADA/USDT,short,0.6342,0.6361026,0.6303948
1749908460000,ETH/USDT,short,2532.5,2540.0975,2517.305
1749908580000,ADA/USDT,short,0.6336,0.6355008,0.6297984000000001
1749908580000,ETH/USDT,short,2528.54,2536.12562,2513.36876
1749908700000,SOL/USDT,short,145.02,145.45506,144.14988
1749908820000,SOL/USDT,short,144.93,145.36479,144.06042
1749909120000,ETH/USDT,long,2532.33,2524.73301,2547.52398
1749909180000,XRP/USDT,long,2.1634,2.1569098,2.1763804
1749909240000,BTC/USDT,long,104969.4,104654.49179999999,105599.21639999999
1749909300000,ADA/USDT,short,0.6339,0.6358016999999999,0.6300966
1749909780000,SOL/USDT,short,145.27,145.70580999999999,144.39838
1749912720000,ETH/USDT,short,2524.3,2531.8729,2509.1542
1749913620000,ETH/USDT,long,2530.75,2523.15775,2545.9345
1749913800000,ADA/USDT,short,0.6306,0.6324917999999999,0.6268164
1749914760000,ETH/USDT,short,2518.81,2526.3664299999996,2503.6971399999998
1749914820000,XRP/USDT,short,2.1568,2.1632704,2.1438592
1749915180000,BTC/USDT,short,104751.4,105065.65419999999,104122.89159999999
1749915600000,ADA/USDT,short,0.627,0.6288809999999999,0.623238
1749915720000,SOL/USDT,short,143.99,144.42197,143.12606
1749916200000,ETH/USDT,long,2514.8,2507.2556,2529.8888
1749916560000,XRP/USDT,short,2.145,2.1514349999999998,2.13213
1749916620000,SOL/USDT,long,144.42,143.98674,145.28652
1749916980000,ADA/USDT,long,0.6289,0.6270133,0.6326734
1749917280000,BTC/USDT,short,104800.0,105323.99999999999,103752.0
1749917340000,ADA/USDT,short,0.6278,0.6309389999999999,0.621522
1749917340000,SOL/USDT,short,144.38,145.10189999999997,142.93619999999999
1749917400000,XRP/USDT,short,2.1429,2.1536144999999998,2.121471
1749917400000,ETH/USDT,short,2514.29,2526.86145,2489.1471
1749918060000,BTC/USDT,long,104793.2,104269.234,105841.132
1749918180000,ADA/USDT,short,0.6255,0.6286274999999999,0.6192449999999999
1749918240000,SOL/USDT,short,143.98,144.69989999999999,142.5402
1749918300000,XRP/USDT,short,2.1371,2.1477855,2.1157290000000004
1749918720000,ETH/USDT,short,2507.76,2520.2988,2482.6824
1749919680000,ADA/USDT,short,0.619,0.622095,0.61281
1749921360000,ADA/USDT,long,0.6224,0.619288,0.628624
1749924240000,SOL/USDT,long,144.68,143.9566,146.1268
1749924660000,ETH/USDT,long,2520.15,2507.54925,2545.3515
1749925380000,ETH/USDT,short,2508.0,2520.5399999999995,2482.92
1749925500000,SOL/USDT,short,143.77,144.48884999999999,142.3323
1749925680000,ADA/USDT,short,0.6194,0.6224969999999999,0.6132059999999999
1749926760000,XRP/USDT,short,2.1143,2.1248715,2.093157
1749927300000,XRP/USDT,long,2.1263,2.1156685,2.147563
1749946080000,ADA/USDT,short,0.6237,0.6268185,0.617463
1749946080000,BTC/USDT,short,105306.1,105832.6305,104253.039
1749946140000,XRP/USDT,short,2.1371,2.1477855,2.1157290000000004
1749946200000,SOL/USDT,long,144.64,143.9168,146.0864
1749946320000,ETH/USDT,long,2531.89,2519.2305499999998,2557.2089
1749949080000,XRP/USDT,long,2.148,2.13726,2.16948
1749949260000,ADA/USDT,long,0.6266,0.623467,0.632866
1749951000000,ADA/USDT,long,0.625,0.621875,0.63125
1749961980000,SOL/USDT,long,146.12,145.3894,147.5812
1749963720000,ADA/USDT,short,0.6302,0.6333509999999999,0.623898
1749966300000,ADA/USDT,long,0.6334,0.6302329999999999,0.6397339999999999
1749966540000,BTC/USDT,long,105937.0,105407.315,106996.37
1749967200000,SOL/USDT,long,147.85,147.11075,149.3285
1749968220000,SOL/USDT,long,147.35,146.61325,148.8235
1749968460000,ADA/USDT,short,0.6302,0.6333509999999999,0.623898
1749969180000,SOL/USDT,short,146.61,147.34305,145.1439
1749969240000,BTC/USDT,short,105366.7,105893.53349999999,104313.033
1749969300000,ADA/USDT,long,0.6342,0.631029,0.640542
1749969660000,ADA/USDT,short,0.6306,0.633753,0.624294
1749974940000,SOL/USDT,short,145.24,145.9662,143.7876
1749975540000,ETH/USDT,short,2520.9,2533.5045,2495.6910000000003
1749978840000,ADA/USDT,short,0.6243,0.6274214999999999,0.618057
1749979080000,ADA/USDT,short,0.6236,0.626718,0.617364
1749984960000,ADA/USDT,long,0.6267,0.6235665,0.6329670000000001
1749985500000,SOL/USDT,long,146.16,145.4292,147.6216
1749987300000,SOL/USDT,long,145.75,145.02125,147.2075
1749987420000,ADA/USDT,short,0.6242,0.6273209999999999,0.617958
1749988380000,ADA/USDT,long,0.627,0.623865,0.63327
1749992100000,SOL/USDT,long,147.68,146.9416,149.1568
1749992940000,ETH/USDT,long,2531.06,2518.4047,2556.3705999999997
1749993120000,SOL/USDT,short,147.19,147.92594999999997,145.7181
1749995040000,XRP/USDT,long,2.1701,2.1592495,2.1918010000000003
1749995160000,SOL/USDT,long,148.14,147.39929999999998,149.6214
1749997020000,SOL/USDT,short,148.43,149.17215,146.94570000000002
1749998280000,SOL/USDT,long,149.29,148.54354999999998,150.78289999999998
1749998580000,SOL/USDT,short,148.91,149.65454999999997,147.4209
2025-06-16 23:17:00,SOL/USDT,long,156.64,156.14071428571427,157.63857142857142
2025-06-16 23:19:00,ETH/USDT,long,2639.68,2633.2535714285714,2652.532857142857
2025-06-16 23:23:00,XRP/USDT,long,2.2529,2.2482928571428573,2.2621142857142855
2025-06-17 00:38:00,XRP/USDT,long,2.2847,2.2793321428571427,2.2990142857142857
2025-06-17 00:45:00,ETH/USDT,long,2642.87,2638.477142857143,2654.5842857142857
2025-06-17 01:41:00,SOL/USDT,long,157.78,157.52392857142857,158.46285714285713
2025-06-17 02:07:00,XRP/USDT,long,2.3126,2.3075964285714288,2.3259428571428575
2025-06-17 02:34:00,ETH/USDT,long,2640.34,2637.3700000000003,2648.26
2025-06-17 02:38:00,SOL/USDT,long,157.67,157.36035714285714,158.49571428571426
2025-06-17 03:40:00,ETH/USDT,long,2641.32,2638.1603571428573,2649.7457142857147
2025-06-17 04:02:00,XRP/USDT,long,2.3263,2.3225392857142855,2.336328571428571
2025-06-17 04:13:00,SOL/USDT,long,158.17,157.81964285714284,159.1042857142857
2025-06-17 04:20:00,ETH/USDT,long,2652.12,2645.61,2669.4799999999996
2025-06-17 04:57:00,SOL/USDT,short,157.18,157.42857142857144,156.51714285714286
2025-06-17 05:26:00,SOL/USDT,short,156.95,157.14499999999998,156.43
2025-06-17 06:00:00,XRP/USDT,long,2.3208,2.3169964285714286,2.330942857142857
2025-06-17 06:24:00,SOL/USDT,short,156.97,157.13714285714286,156.52428571428572
2025-06-17 06:31:00,SOL/USDT,short,156.8,156.96714285714287,156.35428571428574
2025-06-17 06:55:00,XRP/USDT,short,2.2943,2.297428571428571,2.2859571428571424
2025-06-17 06:58:00,SOL/USDT,short,156.51,156.69214285714284,156.02428571428572
2025-06-17 07:13:00,SOL/USDT,short,156.52,156.80392857142857,155.76285714285717
2025-06-17 07:18:00,ETH/USDT,long,2653.12,2648.7303571428574,2664.8257142857137
2025-06-17 07:30:00,SOL/USDT,short,156.62,156.84178571428572,156.02857142857144
2025-06-21 12:06:00,ETH/USDT,long,2427.85,2425.8433513284645,2433.201063124094,,,,{"market_info": "trending(T:5,R:2)", "score": "11/11"}
2025-06-21 12:12:01,ETH/USDT,long,,,,,-0.80976,4.99,Stop Loss,
2025-06-21 12:13:00,ETH/USDT,long,2425.31,2423.368931497005,2430.486182674653,,,,{"market_info": "trending(T:4,R:2)", "score": "11/11"}
2025-06-21 13:02:00,DOGE/USDT,long,0.16337,0.16322873424221032,0.1637467086874391,,,,{"market_info": "range_bound(T:0,R:4)", "score": "7/7"}
2025-06-21 13:04:01,ETH/USDT,long,,,,,-0.88281,49.98,Stop Loss,
2025-06-21 13:04:03,DOGE/USDT,long,,,,,-0.1155,1.0,Stop Loss,
2025-06-21 13:32:00,BTC/USDT,short,103330.0,103354.3254223565,103265.13220704932,,,,{"market_info": "trending(T:3,R:2)", "score": "11/11"}
2025-06-21 14:01:01,BTC/USDT,short,,,,,-0.07799999,28.98,Stop Loss,
2025-06-21 14:05:00,XRP/USDT,short,2.1194,2.1204687271800786,2.1165500608531245,,,,{"market_info": "trending(T:3,R:2)", "score": "11/11"}
2025-06-21 14:08:00,XRP/USDT,short,,,,,-0.339,1.98,Stop Loss,
2025-06-21 14:25:00,BTC/USDT,short,103380.6,103396.45808434059,103338.31177509177,,,,{"market_info": "range_bound(T:2,R:3)", "score": "7/7"}
2025-06-21 14:28:02,BTC/USDT,short,,,,,-0.0865,2.99,Stop Loss,
2025-06-21 14:32:00,BTC/USDT,long,103424.5,103402.57282960597,103482.9724543841,,,,{"market_info": "trending(T:3,R:2)", "score": "11/11"}
2025-06-21 14:42:01,BTC/USDT,long,,,,,-0.111,8.98,Stop Loss,
2025-06-21 15:01:00,ETH/USDT,short,2424.0,2425.1730043836774,2420.871988310194,,,,{"market_info": "range_bound(T:1,R:5)", "score": "7/7"}
2025-06-21 15:10:00,BTC/USDT,long,103343.1,103329.12437086114,103380.3683443703,,,,{"market_info": "range_bound(T:1,R:5)", "score": "8/7"}
2025-06-21 15:17:01,ETH/USDT,short,,,,,0.6713,15.99,Take Profit,
2025-06-21 15:17:00,ETH/USDT,long,2420.29,2419.0788880212503,2423.5196319433326,,,,{"market_info": "range_bound(T:1,R:4)", "score": "8/7"}
2025-06-21 15:20:01,BTC/USDT,long,,,,,-0.07349999,8.99,Stop Loss,
2025-06-21 15:21:00,BTC/USDT,long,103302.3,103284.86258881786,103348.79976315238,,,,{"market_info": "range_bound(T:1,R:5)", "score": "8/7"}
2025-06-21 15:22:02,BTC/USDT,long,,,,,-0.091,0.99,Stop Loss,
2025-06-21 15:24:01,ETH/USDT,long,,,,,0.78889999,5.99,Take Profit,
2025-06-21 15:24:00,BTC/USDT,short,103477.0,103512.87866296196,103381.3235654348,,,,{"market_info": "range_bound(T:2,R:3)", "score": "7/7"}
2025-06-21 15:47:01,BTC/USDT,short,,,,,-0.243,22.97,Stop Loss,
2025-06-22 23:54:00,SOL/USDT,long,130.0,129.050529118008,131.898941763984,,,,{"market_info": "trending(T:5,R:0)", "score": "12/11"}
2025-06-23 00:27:00,SOL/USDT,long,,,,,-8.4537,31.98,Stop Loss,
2025-06-23 00:53:00,SOL/USDT,short,128.47,128.9669066172666,127.47618676546679,,,,{"market_info": "trending(T:5,R:2)", "score": "11/11"}
2025-06-23 00:58:00,ETH/USDT,short,2170.69,2178.7827941988235,2154.5044116023537,,,,{"market_info": "trending(T:5,R:2)", "score": "11/11"}
2025-06-23 01:01:01,ETH/USDT,short,,,,,-7.0417,1.98,Stop Loss,
2025-06-23 01:06:01,SOL/USDT,short,,,,,-9.2502,11.98,Stop Loss,
2025-06-23 01:38:00,ETH/USDT,long,2192.4,2184.2108112344085,2208.778377531183,,,,{"market_info": "range_bound(T:3,R:4)", "score": "7/7"}
2025-06-23 01:41:00,SOL/USDT,short,129.29,129.8446173748823,128.1807652502354,,,,{"market_info": "range_bound(T:3,R:4)", "score": "8/7"}
2025-06-23 01:45:01,ETH/USDT,long,,,,,-5.32726,6.98,Stop Loss,
2025-06-23 02:00:01,SOL/USDT,short,,,,,-3.6192,17.99,Stop Loss,
2025-06-23 02:33:00,SOL/USDT,long,129.8,129.31969900189335,130.76060199621332,,,,{"market_info": "range_bound(T:2,R:5)", "score": "9/7"}
2025-06-23 03:02:01,SOL/USDT,long,,,,,9.7102,27.98,Take Profit,
2025-06-23 03:53:00,ETH/USDT,long,2191.9,2186.278007638674,2203.1439847226525,,,,{"market_info": "range_bound(T:1,R:4)", "score": "7/7"}
2025-06-23 03:55:01,ETH/USDT,long,,,,,-1.72197,0.99,Stop Loss,
2025-06-23 04:05:00,SOL/USDT,short,128.94,129.34996411119462,128.12007177761072,,,,{"market_info": "trending(T:5,R:2)", "score": "11/11"}
2025-06-23 04:09:01,SOL/USDT,short,,,,,-0.5148,2.98,Stop Loss,
2025-06-23 04:25:00,SOL/USDT,short,128.73,129.08968205005834,128.01063589988328,,,,{"market_info": "trending(T:4,R:2)", "score": "11/11"}
2025-06-23 04:32:01,SOL/USDT,short,,,,,-5.3157,6.98,Stop Loss,
2025-06-23 04:33:00,SOL/USDT,short,129.09,129.49715192285018,128.27569615429968,,,,{"market_info": "range_bound(T:1,R:3)", "score": "8/7"}
2025-06-23 05:09:01,SOL/USDT,short,,,,,8.9832,34.98,Take Profit,
2025-06-23 05:10:00,SOL/USDT,short,127.46,128.04776620254464,126.28446759491072,,,,{"market_info": "trending(T:5,R:0)", "score": "11/11"}
2025-06-23 05:14:01,SOL/USDT,short,,,,,8.1316,3.98,Take Profit,
2025-06-23 05:14:00,SOL/USDT,short,126.71,127.45203362688868,125.22593274622263,,,,{"market_info": "trending(T:5,R:0)", "score": "11/11"}
2025-06-23 05:32:01,SOL/USDT,short,,,,,-6.1516,16.98,Stop Loss,
2025-06-23 05:57:00,ETH/USDT,long,2189.56,2176.0655481337767,2216.548903732446,,,,{"market_info": "trending(T:5,R:0)", "score": "11/11"}
2025-06-23 06:02:00,SOL/USDT,long,129.96,129.26869152554553,131.34261694890895,,,,{"market_info": "trending(T:5,R:0)", "score": "11/11"}
2025-06-23 06:11:01,SOL/USDT,long,,,,,-2.3851,7.98,Stop Loss,
2025-06-23 06:39:01,ETH/USDT,long,,,,,-4.69025,41.98,Stop Loss,
2025-06-23 07:05:00,ETH/USDT,long,2210.48,2199.8948824180693,2231.650235163862,,,,{"market_info": "trending(T:4,R:2)", "score": "11/11"}
2025-06-23 07:08:00,SOL/USDT,long,131.08,130.3446179595015,132.550764080997,,,,{"market_info": "trending(T:4,R:0)", "score": "13/11"}
2025-06-23 07:17:00,SOL/USDT,long,,,,,-6.8328,8.96,Stop Loss,
2025-06-23 07:25:01,ETH/USDT,long,,,,,-1.51886,18.99,Stop Loss,
2025-06-23 07:44:00,SOL/USDT,long,132.21,131.5222175069804,133.5855649860392,,,,{"market_info": "trending(T:5,R:0)", "score": "11/11"}
2025-06-23 07:44:00,ETH/USDT,long,2232.11,2222.347933317681,2251.634133364638,,,,{"market_info": "trending(T:5,R:2)", "score": "11/11"}
2025-06-23 07:49:04,ETH/USDT,long,,,,,-0.41995,4.02,Stop Loss,
2025-06-23 08:04:00,ETH/USDT,long,2231.46,2223.5014004126665,2247.3771991746667,,,,{"market_info": "trending(T:5,R:2)", "score": "11/11"}
2025-06-23 08:06:01,ETH/USDT,long,,,,,-3.6081,1.99,Stop Loss,
2025-06-23 08:41:00,SOL/USDT,long,,,,,-2.1238,55.99,Stop Loss,
2025-06-23 10:54:00,SOL/USDT,long,132.94,132.64096048400054,133.53807903199893,,,,{"market_info": "trending(T:5,R:2)", "score": "11/11"}
2025-06-23 11:09:00,SOL/USDT,long,,,,,-8.02399999,13.99,Stop Loss,
